{
    "swagger": "2.0",
    "info": {
        "contact": {}
    },
    "paths": {
        "/products": {
            "get": {
                "description": "Get All Product Data",
                "produces": [
                    "application/json"
                ],
                "tags": [
                    "products"
                ],
                "operationId": "get-products",
                "responses": {
                    "200": {
                        "description": "OK",
                        "schema": {
                            "$ref": "#/definitions/dto.ProductsResultResponse"
                        }
                    }
                }
            },
            "post": {
                "description": "Create New Product Data",
                "consumes": [
                    "application/json"
                ],
                "produces": [
                    "application/json"
                ],
                "tags": [
                    "products"
                ],
                "operationId": "create-new-product",
                "parameters": [
                    {
                        "description": "request body json",
                        "name": "RequestBody",
                        "in": "body",
                        "required": true,
                        "schema": {
                            "$ref": "#/definitions/dto.NewProductRequest"
                        }
                    }
                ],
                "responses": {
                    "201": {
                        "description": "Created",
                        "schema": {
                            "$ref": "#/definitions/dto.NewProductResponse"
                        }
                    }
                }
            }
        }
    },
    "definitions": {
        "dto.NewProductRequest": {
            "type": "object",
            "properties": {
                "description": {
                    "type": "string",
                    "example": "charger iphone ori ibox"
                },
                "price": {
                    "type": "integer",
                    "example": 650000
                },
                "stock": {
                    "type": "integer",
                    "example": 2000
                },
                "title": {
                    "type": "string",
                    "example": "Charger Iphone"
                }
            }
        },
        "dto.NewProductResponse": {
            "type": "object",
            "properties": {
                "data": {
                    "$ref": "#/definitions/dto.ProductResponse"
                },
                "message": {
                    "type": "string",
                    "example": "product data successfully created"
                },
                "result": {
                    "type": "string",
                    "example": "success"
                },
                "statusCode": {
                    "type": "integer",
                    "example": 201
                }
            }
        },
        "dto.ProductResponse": {
            "type": "object",
            "properties": {
                "createdAt": {
                    "type": "string",
                    "example": "2023-01-01"
                },
                "description": {
                    "type": "string",
                    "example": "charger iphone ori ibox"
                },
                "id": {
                    "type": "integer",
                    "example": 1
                },
                "price": {
                    "type": "integer",
                    "example": 650000
                },
                "stock": {
                    "type": "integer",
                    "example": 2000
                },
                "title": {
                    "type": "string",
                    "example": "Charger Iphone"
                }
            }
        },
        "dto.ProductsResultResponse": {
            "type": "object",
            "properties": {
                "data": {
                    "type": "array",
                    "items": {
                        "$ref": "#/definitions/dto.ProductResponse"
                    }
                },
                "message": {
                    "type": "string",
                    "example": "product data successfully sent"
                },
                "result": {
                    "type": "string",
                    "example": "success"
                },
                "statusCode": {
                    "type": "integer",
                    "example": 200
                }
            }
        }
    }
}